smartphone,earbuds,screen protector,power bank,USB cable,phone case
laptop,mouse,keyboard,laptop stand,external hard drive
smartwatch,fitness tracker,wireless charger
TV,soundbar,HDMI cable,streaming device
tablet,stylus,tablet case,screen cleaner
smartphone,smartwatch,earbuds
gaming console,game controller,HDMI cable,gaming headset
laptop,wireless mouse,backpack,laptop sleeve
smartphone,phone case,screen protector,USB cable
smartphone,smartwatch,power bank
laptop,external hard drive,USB hub
TV,soundbar,HDMI cable
smartphone,earbuds,power bank
smartwatch,fitness tracker,charging dock
gaming console,game controller,gaming headset
laptop,keyboard,mouse,monitor
tablet,stylus,tablet case
smartphone,screen protector,phone case
TV,streaming device,HDMI cable,soundbar
smartphone,earbuds,wireless charger,power bank
smartwatch,fitness tracker
laptop,external hard drive,wireless mouse
smartphone,screen protector,USB cable,phone case
TV,soundbar,streaming device
gaming console,gaming headset,game controller
laptop,laptop sleeve,backpack
tablet,stylus,screen cleaner
smartwatch,charging dock,fitness tracker
smartphone,phone case,USB cable,power bank
laptop,wireless mouse,keyboard,monitor
TV,HDMI cable,soundbar
smartphone,screen protector,phone case,earbuds
gaming console,gaming headset,HDMI cable
tablet,tablet case,stylus
smartphone,screen protector,USB cable
laptop,external hard drive,wireless mouse,USB hub
TV,streaming device,soundbar,HDMI cable
smartwatch,fitness tracker,charging dock
smartphone,earbuds,phone case
laptop,monitor,keyboard,wireless mouse
gaming console,gaming headset
tablet,screen cleaner,stylus
TV,soundbar,HDMI cable
smartphone,screen protector,power bank
laptop,external hard drive,USB hub
smartwatch,wireless charger,fitness tracker
smartphone,earbuds,screen protector,power bank,USB cable,phone case
laptop,mouse,keyboard,laptop stand,external hard drive
smartwatch,fitness tracker,wireless charger
TV,soundbar,HDMI cable,streaming device
tablet,stylus,tablet case,screen cleaner
smartphone,smartwatch,earbuds
gaming console,game controller,HDMI cable,gaming headset
laptop,wireless mouse,backpack,laptop sleeve
smartphone,phone case,screen protector,USB cable
smartphone,smartwatch,power bank
laptop,external hard drive,USB hub
TV,soundbar,HDMI cable
smartphone,earbuds,power bank
smartwatch,fitness tracker,charging dock
gaming console,game controller,gaming headset
laptop,keyboard,mouse,monitor
tablet,stylus,tablet case
smartphone,screen protector,phone case
TV,streaming device,HDMI cable,soundbar
smartphone,earbuds,wireless charger,power bank
smartwatch,fitness tracker
laptop,external hard drive,wireless mouse
smartphone,screen protector,USB cable,phone case
TV,soundbar,streaming device
gaming console,gaming headset,game controller
laptop,laptop sleeve,backpack
tablet,stylus,screen cleaner
smartwatch,charging dock,fitness tracker
smartphone,phone case,USB cable,power bank
laptop,wireless mouse,keyboard,monitor
TV,HDMI cable,soundbar
smartphone,screen protector,phone case,earbuds
gaming console,gaming headset,HDMI cable
tablet,tablet case,stylus
smartphone,screen protector,USB cable
laptop,external hard drive,wireless mouse,USB hub
TV,streaming device,soundbar,HDMI cable
smartwatch,fitness tracker,charging dock
smartphone,earbuds,phone case
laptop,monitor,keyboard,wireless mouse
gaming console,gaming headset
tablet,screen cleaner,stylus
TV,soundbar,HDMI cable
smartphone,screen protector,power bank
laptop,external hard drive,USB hub
smartwatch,wireless charger,fitness tracker
desktop computer,mechanical keyboard,gaming mouse,gaming monitor
router,ethernet cable,surge protector,UPS battery backup
smartphone,earbuds,wireless speaker,VR headset
smartwatch,solar charger
TV,wall mount bracket,universal remote
gaming console,VR headset,fitness tracker
laptop,projector,stylus,wireless mouse
digital camera,tripod,SD card,external hard drive
smartphone,phone case,power bank,charging cable
drone,spare batteries,propeller guards,memory card
home security camera,smart doorbell,smart thermostat
TV,surround sound system,HDMI cable,blu-ray player
tablet,screen protector,portable charger,wireless keyboard
desktop computer,gaming headset,RGB mouse pad,webcam
smartphone,earbuds,smartwatch,fitness tracker
e-reader,tablet case,screen cleaner,stylus
laptop,cooling pad,external hard drive,USB hub
smartphone,car mount,wireless charger,phone case
gaming console,extra controller,HDMI cable,gaming headset
wireless speaker,Bluetooth headphones,smartwatch,fitness tracker
smartphone,earbuds,USB cable,power bank
laptop,wireless mouse,external hard drive,webcam
tablet,stylus,tablet case,screen protector
smartphone,VR headset,gaming controller
gaming console,steering wheel controller,HDMI cable
TV,streaming device,HDMI splitter,soundbar
laptop,wireless mouse,backpack,external hard drive
smartphone,earbuds,wireless charger,USB cable
desktop computer,mechanical keyboard,gaming mouse,monitor
smartwatch,fitness tracker,charging dock,earbuds
TV,wall mount,universal remote,streaming device
laptop,external hard drive,wireless mouse,cooling pad
smartphone,screen protector,phone case,car mount
gaming console,gaming chair,headset,HDMI cable
TV,soundbar,Bluetooth speaker,streaming device
laptop,webcam,keyboard,mouse
tablet,screen cleaner,stylus,wireless keyboard
gaming console,extra controller,HDMI cable
TV,universal remote,streaming device,soundbar
smartphone,earbuds,screen protector,USB cable
smartwatch,fitness tracker,charging dock
laptop,external hard drive,wireless mouse
gaming console,gaming headset,HDMI cable
robot vacuum,smart home hub,smart light bulbs
air purifier,dehumidifier,smart thermostat,smart plug
smartphone,earbuds,screen protector,wireless charger
smartwatch,fitness tracker,charging dock,wireless headphones
smartphone,phone case,screen protector,USB cable
laptop,cooling pad,external hard drive,wireless mouse
gaming console,steering wheel controller,VR headset
tablet,screen protector,stylus,portable charger
TV,soundbar,streaming device,HDMI cable
desktop computer,gaming monitor,mechanical keyboard,gaming mouse
smartphone,earbuds,VR headset,smartwatch
laptop,webcam,external hard drive,USB hub
TV,HDMI splitter,streaming device,soundbar
gaming console,gaming headset,extra controller,HDMI cable
smartphone,car mount,wireless charger,screen protector
tablet,stylus,tablet case,screen cleaner
laptop,wireless mouse,external hard drive,USB hub
smartwatch,charging dock,fitness tracker
desktop computer,mechanical keyboard,gaming mouse
TV,universal remote,streaming device,soundbar
smartphone,screen protector,USB cable,power bank
gaming console,gaming chair,headset,HDMI cable
smartwatch,fitness tracker,wireless headphones,charging dock
laptop,webcam,external hard drive,USB hub
smartphone,earbuds,VR headset,power bank
TV,soundbar,streaming device,HDMI cable
gaming console,extra controller,HDMI cable
laptop,wireless mouse,backpack,external hard drive
smartphone,screen protector,phone case,wireless charger
desktop computer,mechanical keyboard,gaming mouse
smartwatch,fitness tracker,charging dock,earbuds
TV,wall mount,streaming device,soundbar
smartphone,car mount,wireless charger,screen protector
laptop,external hard drive,wireless mouse,cooling pad
gaming console,gaming chair,HDMI cable,headset
3D printer,filament,3D printing pen
smart refrigerator,smart dishwasher,smart oven,smart microwave
smartphone,solar charger,satellite phone,hand-crank charger
robot vacuum,pet feeder,smart home hub
desktop computer,gaming monitor,RGB keyboard
smartphone,earbuds,screen protector,USB cable
laptop,webcam,external hard drive,USB hub
TV,universal remote,streaming device,soundbar
gaming console,extra controller,gaming headset
smartwatch,fitness tracker,charging dock
laptop,cooling pad,external hard drive
smartphone,car mount,wireless charger
desktop computer,mechanical keyboard,gaming mouse,monitor
smartphone,earbuds,wireless charger,USB cable
TV,soundbar,HDMI cable
gaming console,steering wheel controller,HDMI cable
smartwatch,fitness tracker,charging dock,earbuds
tablet,screen protector,stylus,portable charger
laptop,external hard drive,wireless mouse,webcam
smartphone,screen protector,phone case,wireless charger
gaming console,extra controller,gaming headset
TV,universal remote,streaming device,soundbar
laptop,webcam,external hard drive,USB hub
desktop computer,mechanical keyboard,gaming mouse,monitor
smartphone,car mount,wireless charger,screen protector
gaming console,gaming chair,headset,HDMI cable
smartwatch,fitness tracker,charging dock,wireless headphones
tablet,screen protector,stylus,portable charger
laptop,webcam,external hard drive,USB hub
desktop computer,gaming monitor,RGB keyboard,webcam
gaming console,extra controller,gaming headset,HDMI cable
smartphone,solar charger,satellite phone,hand-crank charger
laptop,cooling pad,external hard drive,USB hub
desktop computer,mechanical keyboard,gaming mouse,monitor
TV,soundbar,HDMI cable,streaming device
gaming console,steering wheel controller,gaming headset
smartwatch,fitness tracker,charging dock,wireless headphones
tablet,screen protector,stylus,portable charger
laptop,webcam,external hard drive,USB hub
smartphone,car mount,wireless charger,screen protector
TV,universal remote,streaming device,soundbar
gaming console,extra controller,gaming headset,HDMI cable
desktop computer,mechanical keyboard,gaming mouse
smartwatch,fitness tracker,charging dock,wireless headphones
laptop,webcam,external hard drive,USB hub
tablet,screen protector,stylus,portable charger
desktop computer,gaming monitor,RGB keyboard,webcam
